{"schemaVersion":"1.0","appDefinitionTemplate":{"id":"/providers/Microsoft.PowerApps/apps/","type":"Microsoft.PowerApps/apps","tags":{"primaryDeviceWidth":"1366","primaryDeviceHeight":"768","supportsPortrait":"true","supportsLandscape":"true","primaryFormFactor":"Tablet","publisherVersion":"3.23071.11","minimumRequiredApiVersion":"2.2.0","hasComponent":"true","hasUnlockedComponent":"true","isUnifiedRootApp":"false","sienaVersion":"20230720T180804Z-3.23071.11.0"},"properties":{"appVersion":"2023-07-20T18:08:04Z","lifeCycleId":"Published","createdByClientVersion":{"major":3,"minor":23071,"build":11,"revision":0,"majorRevision":0,"minorRevision":0},"minClientVersion":{"major":3,"minor":23071,"build":11,"revision":0,"majorRevision":0,"minorRevision":0},"backgroundColor":"RGBA(0,176,240,1)","backgroundImageUri":"/7954483590859243075/N1b1d6c2f-b27e-4a74-a47a-93bec99504ad-logoSmallFile","displayName":"ECA Portal Dev","description":"","commitMessage":"","appUris":{"documentUri":{"value":"/7954483590859243075/N4d4d93ac-9a7b-4607-b833-35cdbfb07170-document.msapp"},"imageUris":[],"additionalUris":[]},"createdTime":"0001-01-01T00:00:00Z","lastModifiedTime":"0001-01-01T00:00:00Z","sharedGroupsCount":0,"sharedUsersCount":0,"connectionReferences":{"c0323753-6974-4cab-b1eb-fcb2280ced96":{"id":"5736e71c-c75d-41e9-a430-5a4c6771ae66","displayName":"SharePoint","iconUri":"https://connectoricons-prod.azureedge.net/u/shgogna/globalperconnector-train1/1.0.1639.3312/sharepointonline/icon.png","dataSources":["ECA-Portal-Projects-Dev","ECA-Portal-IT-Organization","ECA-Portal-Data-Sources-Dev","ECA-Portal-Requests-Dev","ECA-Portal-Phase-Dev","ECA-Portal-Environment","ECA-Portal-Resource-Dev","ECA-Portal-Document-Dev","ECA-Portal-Security-Dev","ECA-Portal-Validation","ECA-Portal-Database","ECA-Portal-App-Security-Dev","ECA-Portal-IT-Departments","ECA-Portal-App-Security-Prod","ECA-Portal-Data-Sources-Prod","ECA-Portal-Document-Prod","ECA-Portal-Phase-Prod","ECA-Portal-Projects-Prod","ECA-Portal-Requests-Prod","ECA-Portal-Resource-Prod","ECA-Portal-Security-Prod","ECA-Portal-Training-Tracker","ECA-Portal-Training-Roles","ECA-Portal-Courses"],"dependencies":[],"dependents":[],"parameterHints":{},"parameterHintsV2":{},"isOnPremiseConnection":false,"bypassConsent":false,"dataSets":{"https://intel.sharepoint.com/sites/ecadevelopmentportal":{"dataSources":{"ECA-Portal-Projects-Dev":{"tableName":"64fa99a2-5db3-4993-8a90-259e3d34e42c"},"ECA-Portal-IT-Organization":{"tableName":"088d01bf-d2da-4381-9179-a1077f67a2b4"},"ECA-Portal-Data-Sources-Dev":{"tableName":"a46df169-1f49-4e29-a7f9-3742519ff470"},"ECA-Portal-Requests-Dev":{"tableName":"facd7dee-7f4a-4c45-ac6f-4d311710e706"},"ECA-Portal-Phase-Dev":{"tableName":"8f47afde-e5a7-4f0f-af4c-7254f0fc755f"},"ECA-Portal-Environment":{"tableName":"72c9bec6-dc8a-46d4-8d63-6fa3bf55971b"},"ECA-Portal-Resource-Dev":{"tableName":"5efc9281-e257-4895-a435-a346abcaf0d0"},"ECA-Portal-Document-Dev":{"tableName":"802a2345-8d3f-4f55-847d-e248f2d78696"},"ECA-Portal-Security-Dev":{"tableName":"0ae7a449-79b6-426d-8a28-8a4112a2226d"},"ECA-Portal-Validation":{"tableName":"b58bad86-3b62-4af5-95d9-73153ea92fa5"},"ECA-Portal-Database":{"tableName":"c511be73-cbcb-45cb-aed0-70d18c93278d"},"ECA-Portal-App-Security-Dev":{"tableName":"55c67091-0979-4014-a429-c64ab382ba17"},"ECA-Portal-IT-Departments":{"tableName":"45a795c9-c4cd-46f3-b8dd-800d8740f9f0"},"ECA-Portal-App-Security-Prod":{"tableName":"6003107a-0a79-4052-9988-25fcf038d186"},"ECA-Portal-Data-Sources-Prod":{"tableName":"14208834-bc61-449c-bc95-de4dfd5dbb3c"},"ECA-Portal-Document-Prod":{"tableName":"720e63ec-5dd1-48d6-a4b0-14321f58d563"},"ECA-Portal-Phase-Prod":{"tableName":"7e8c0ffe-9263-4eae-ad85-297c83abc2e3"},"ECA-Portal-Projects-Prod":{"tableName":"9437131d-e38a-4e13-ade3-11c9fc32e705"},"ECA-Portal-Requests-Prod":{"tableName":"60bf3661-2fc9-4714-8501-fd3b07e03454"},"ECA-Portal-Resource-Prod":{"tableName":"f4a2ab63-c162-4c36-844a-6f6082234c41"},"ECA-Portal-Security-Prod":{"tableName":"5081b9b2-2d5f-41a8-a6ed-eb0b6a8cdc94"},"ECA-Portal-Training-Tracker":{"tableName":"3edbe069-f518-4098-a340-96feeafd3e8d"},"ECA-Portal-Training-Roles":{"tableName":"857c3f72-ed29-407d-885a-507f135f26e4"},"ECA-Portal-Courses":{"tableName":"7aa9bb6d-fc37-4b6d-9b88-3e06b1f313be"}}}},"apiTier":"Standard","isCustomApiConnection":false,"actions":["providers/PowerPlatform.Governance/Operations/Read"]},"b7e63286-9655-49b2-9c38-1966c5a1640f":{"id":"bdc2453b-ce84-4145-ab49-20931c1111b9","displayName":"Office 365 Outlook","iconUri":"https://connectoricons-prod.azureedge.net/u/laborbol/partial-builds/390724148/1.0.1641.3327/office365/icon.png","dataSources":["Office365Outlook"],"dependencies":[],"dependents":[],"parameterHints":{},"parameterHintsV2":{},"isOnPremiseConnection":false,"bypassConsent":false,"dataSets":{},"apiTier":"Standard","isCustomApiConnection":false,"actions":["SendEmailV2"]}},"databaseReferences":{},"almMode":"Environment","performanceOptimizationEnabled":true,"canConsumeAppPass":true,"enableModernRuntimeMode":false,"executionRestrictions":{"isTeamsOnly":false,"dataLossPreventionEvaluationResult":{"status":"Compliant","lastEvaluationDate":"2023-05-02T15:52:35.9396749Z","violations":[],"violationsByPolicy":[],"violationErrorMessage":"The app uses the following connectors: shared_sharepointonline."}}},"appType":"ClassicCanvasApp","appComponents":[]}}